2025-08-27T20:43:55,guest,Show schema in HACKATHON_DB database ,"Here is the schema for the HACKATHON_DB database:

```
HACKATHON_DB:
  - FACTS: 
    -- HACKATHON_FACT (time dimension)
      - EVENT_DATE
      - EVENT_HOUR
      - EVENT_MINUTE
    -- PARTICIPANT_FACT (participant dimension)
      - PARTICIPANT_ID
      - PARTICIPANT_NAME
  - DIMENSIONS:
    -- CATEGORIES_DIM (category dimension)
      - CATEGORY_ID
      - CATEGORY_DESCRIPTION
    -- TOOLS_DIM (tool dimension)
      - TOOL_ID
      - TOOL_DESCRIPTION
    -- JUDGES_DIM (judge dimension)
      - JUDGE_ID
      - JUDGE_NAME
  - SNOWFLAKE TABLES:
    -- EVENT_PARTICIPANT_FK
      - HACKATHON_FACT: EVENT_DATE, EVENT_HOUR, EVENT_MINUTE
      - PARTICIPANT_FACT: PARTICIPANT_ID
    -- CATEGORY_TOOL_FK
      - CATEGORIES_DIM: CATEGORY_ID
      - TOOLS_DIM: TOOL_ID
    -- JUDGE_PARTICIPANT_FK
      - JUDGES_DIM: JUDGE_ID
      - PARTICIPANT_FACT: PARTICIPANT_ID
    -- EVENT_CATEGORY_FK
      - HACKATHON_FACT: EVENT_DATE, EVENT_HOUR, EVENT_MINUTE
      - CATEGORIES_DIM: CATEGORY_ID
```

This Snowflake schema consists of three main categories: FACTS (factual data), DIMENSIONS (descriptive data), and SNOWFLAKE TABLES (fact-dimension combinations). The fact tables contain measurements or transactions, while the dimension tables contain descriptive attributes about those facts."
2025-08-27T20:44:48,guest,What changes were made in my last uploaded table?,"I'm ready to help with your Snowflake schema evolution questions! Please provide the context and question, and I'll do my best to answer clearly and concisely."
2025-08-27T20:50:26,guest,What changes were made in my last uploaded table?,"A nice evolution question!

According to the provided SQL, the following changes were made to the `employee` table:

1. A new column `job_start_date_str` was added with a data type of `VARCHAR` and set to nullable (`NULL`). This is likely done to store the date in a human-readable format.
2. The existing `job_start_date` column (of type `TIMESTAMP`) was updated by converting its values to strings using the `TO_VARCHAR` function with a specific format `'YYYY-MM-DD'`.
3. The original `job_start_date` column was dropped from the table.

In Snowflake SQL, this can be represented as:
```sql
ALTER TABLE employee ADD COLUMN job_start_date_str VARCHAR NULL;
UPDATE employee SET job_start_date_str = TO_VARCHAR(job_start_date, 'YYYY-MM-DD');
ALTER TABLE employee DROP COLUMN job_start_date;
```
These changes effectively migrated the `job_start_date` column from a timestamp to a string format."
2025-08-27T21:09:35,guest,What changes were made in my last uploaded table?,"I'm ready to help! However, since there is no provided context or table information, I'll need more details to answer your question accurately. Please provide the necessary context or table structure for me to understand what changes were made in the uploaded table. Then, I can assist you with a clear and concise answer, including Snowflake SQL if needed."
